Ticker,Price,1_month,3_month,6_month,12_month,Daily_Vol
MMM,164.35000610351562,0.058069942484592074,0.08810716078158176,0.19675450439514575,0.2516669575761068,0.29645285551103523
AOS,66.04499816894531,-0.06566199773794068,-0.062496141859154974,-0.018913621354706422,-0.11554411561716771,0.2443764479477489
ABT,124.54000091552734,-0.06834144106948381,-0.0684107740764266,-0.062273800514414446,0.08647111521699191,0.2143286203523057
ABBV,216.78500366210938,-0.055752343667545,0.10248837834618474,0.1867318981733619,0.1151343509072893,0.2875943183609696
ACN,247.83999633789062,-0.020317809615208682,0.03612039924698651,-0.19360419723501443,-0.29413850171089184,0.2823158248950684
ADBE,335.5299987792969,-0.037961953870566556,-0.016185278437900852,-0.1262011841128976,-0.3353604030982691,0.3382520676488104
AMD,256.3299865722656,0.088172818937585,0.48373463025389785,1.5204522543173598,0.766574609165747,0.58351392507221
AES,14.220000267028809,-0.022350204188038125,0.09762051391375559,0.3489960075891001,0.06291104196319686,0.5052509896126816
AFL,111.25,-0.005808771376366595,0.08053473047839832,0.05808643276055525,0.04656396314214084,0.21521632054823417
A,146.77999877929688,0.0423975663959435,0.2831506947806117,0.3558829557240166,0.0739627797439224,0.3170707293831441
APD,237.44000244140625,-0.11594305490994083,-0.17223543119872775,-0.10793949186114715,-0.20617496131849233,0.24260421616524055
ABNB,122.5,0.020918428043312343,0.012229411650858779,-0.030777746723899657,-0.13065079258854506,0.3920499358069152
AKAM,72.9800033569336,-0.04874866793876276,0.034737056855810966,-0.14583331845077574,-0.30302737088118525,0.41528091301968517
ALB,91.83999633789062,0.0016358806030158934,0.22334781785960578,0.618049121805267,-0.028458874769829334,0.6138380527140167
ARE,54.470001220703125,-0.27585748023477685,-0.2543426923465364,-0.23532362196636702,-0.4876178787004749,0.37238545573526494
ALGN,137.2100067138672,0.030956574418385507,-0.01908777577740406,-0.2416403456128935,-0.38977094512197186,0.5339276292435026
ALLE,165.8800048828125,-0.06950131313573116,0.013193279049623197,0.18155078165120853,0.19037830338620876,0.25181203190520607
LNT,66.8499984741211,-0.007622095208065893,0.02609214070433663,0.11081934650757641,0.2111448409396386,0.183775693373254
ALL,194.92999267578125,-0.08203443808352207,-0.052749632201671504,-0.02853897720084808,0.05249727832229634,0.26553666492044325
GOOGL,284.30999755859375,0.1622516688482165,0.41279064697824963,0.8466992644438927,0.6178335100291135,0.3257796594271877
GOOG,284.75,0.16006678159971366,0.4102850870779271,0.8320839232843447,0.6037473701470775,0.32117815183582127
MO,57.15999984741211,-0.12626106011501237,-0.09512761567321726,-0.02166381680591467,0.1295947370944499,0.20171821265550077
AMZN,250.1999969482422,0.11091375362821365,0.12353493288983342,0.3025822290875828,0.20817036734122474,0.34935009317680904
AMCR,8.109999656677246,0.017565855730371283,-0.16132372360999747,-0.10308837225000189,-0.17329833505758263,0.25317218110419953
AEE,101.22000122070312,-0.023915099330011125,0.005462816064174536,0.05143335185696496,0.1872991968725073,0.17876907612849893
AEP,119.76000213623047,0.013283692887666732,0.0645333523220486,0.1581371893680159,0.29000242925573394,0.19517564507587537
AXP,365.7799987792969,0.13244025292239803,0.23291813561063757,0.296032711477888,0.2526098304633062,0.3144491476608417
AIG,76.33000183105469,-0.09130950201125376,-0.017297703890772786,-0.05666901413696335,0.012524066448496685,0.2336048375365081
AMT,179.46560668945312,-0.032999567699151466,-0.12329851734315755,-0.16250906813340427,-0.06006885900271286,0.253118215054624
AWK,130.99000549316406,-0.08083635855532423,-0.08780329036668888,-0.10500436052497275,0.004005584825442554,0.24552134526824862
AMP,459.20001220703125,-0.07752264142603449,-0.078744104802424,-0.04186839110497109,-0.18321263150398082,0.28266135870276904
AME,198.09500122070312,0.08136360380291108,0.08973443924400915,0.15848461993424423,0.04774105054038458,0.22551149988000843
AMGN,319.8599853515625,0.08566964446637648,0.11874120677544076,0.1957524503339061,0.027238273911271316,0.28551185754959213
APH,138.8800048828125,0.10406235688062027,0.26452491502291253,0.7289477515904166,0.939670907813398,0.353651700587169
ADI,236.0,0.009625668449197766,0.061909989776715024,0.19089414833587015,0.06103798100538116,0.3895729874306852
AON,341.70599365234375,-0.06874335575430979,-0.06389613238624592,-0.048084193501820804,-0.09838059907607744,0.21744342053817287
APA,21.65999984741211,-0.10965451367015122,0.09457766566048331,0.3721196529416577,-0.07782409558601056,0.5386345232532618
APO,133.74989318847656,0.06108599722569674,-0.04867793385876129,0.04158196185609886,-0.17220153011909034,0.42036052451626665
AAPL,270.1400146484375,0.05325952540932133,0.2291351451889705,0.3798790104625591,0.21855803760895265,0.3270031710158551
AMAT,240.79400634765625,0.1070480089598298,0.3062375967582194,0.5523770025100605,0.2974584715969073,0.45636342655127277
APTV,83.61000061035156,-0.01006391763361214,0.24977576537137636,0.3681885088410337,0.5532230682949133,0.34821625059507766
ACGL,87.55000305175781,-0.05961327081982726,-0.01440953228540165,-0.07413276954128745,-0.09468219710184167,0.2502539651689159
ADM,56.279998779296875,-0.09546773264012365,-0.01862374440771819,0.20221945237949335,0.09902783828254003,0.28231561319070014
ANET,140.39999389648438,-0.10777838490140113,0.008765636477256589,0.6088002669545094,0.32728299788904214,0.5744427271089723
AJG,248.11000061035156,-0.19166612811337658,-0.14093307407271216,-0.2639172563050207,-0.13955664998041528,0.248543877659546
AIZ,218.32000732421875,-0.00428708932849986,0.07803941734807851,0.1289477668875012,0.07384640741020387,0.2693986711882121
T,24.545000076293945,-0.05163410575662519,-0.11584984578651347,-0.10828657813778353,0.14894835635816372,0.2294323057100329
ATO,172.69000244140625,-0.017411081414473673,0.05659401481866544,0.0825014562591404,0.2715577481584881,0.17532328372322653
ADSK,300.9599914550781,-0.03355708578446914,0.035365346904914,0.039154742521496866,-0.0045314562829844585,0.2938110398224426
ADP,259.57000732421875,-0.10708635560923985,-0.1467962389815951,-0.1461071461306378,-0.13170875621951494,0.19724262976501558
AZO,3662.889892578125,-0.10353580363347947,-0.09788371336805379,-0.022066282998555842,0.14594948875574265,0.2188401966867451
AVB,177.81500244140625,-0.05175448810759209,-0.04676309396815259,-0.12940968871010172,-0.18239155831613385,0.22556380421838942
AVY,174.48500061035156,0.08127288771149743,0.032112599527134744,0.027508074911891667,-0.12793647164532096,0.24416165435735795
AXON,639.530029296875,-0.12081212396327035,-0.24091391181379818,-0.06886709464647855,0.39173495078980647,0.601751188325823
BKR,47.040000915527344,-0.012257178550041714,0.09178769624614636,0.3107111091081014,0.12413643787088513,0.3561656045913973
BALL,48.875,0.0035934134357082925,-0.09246389380904574,-0.04895281384352712,-0.17716236317870215,0.25684047539551424
BAC,52.44499969482422,0.052267245872009926,0.1462010721721545,0.2751799290162118,0.18210090040111737,0.2687726358298891
BAX,17.959999084472656,-0.2105494907924107,-0.23655520969611432,-0.4170924624930411,-0.491304946310542,0.42886501362038676
BDX,176.33999633789062,-0.09070281546030978,-0.08372916558640342,0.0620297523358857,-0.250059571521127,0.30395516681553475
BBY,80.9000015258789,0.051332095312408565,0.18812025962288637,0.19680355772740477,-0.04875763843922598,0.4343268063397218
TECH,59.939998626708984,-0.010237825834255587,0.1905910420492496,0.20786392824203714,-0.20529239922840148,0.4345446083635693
BIIB,153.42999267578125,0.016294571339917185,0.17417919052397313,0.2959708883079577,-0.12024083689561327,0.3200648555282798
BLK,1073.93994140625,-0.07816314042381978,-0.04085429737965318,0.16807863847396587,0.06430899733666151,0.2723340606157293
BX,144.33999633789062,-0.10364997090488237,-0.13787795727515773,0.047897954234848994,-0.15637957963035742,0.3857655579125932
BK,108.69999694824219,0.03043209940384406,0.05961893502671756,0.28442482123561663,0.4208098526588717,0.23665269413667894
BA,197.58999633789062,-0.1230694571495673,-0.13761347525854428,0.030725088593708705,0.34268817219910086,0.3722086922098437
BKNG,4911.14990234375,-0.04289031654451303,-0.08995803217364462,-0.04591668846025165,-0.010959840566258428,0.2756651146109989
BSX,98.88999938964844,0.021696440275414952,-0.041206127837407625,-0.042598523447369474,0.1440305020430961,0.23458608767582345
BMY,46.46500015258789,0.04321955988980375,0.025106028291379534,0.018021724055534705,-0.11768000912126286,0.29863732163355317
AVGO,358.9800109863281,0.03901595075637654,0.1791162414731755,0.734809868679821,1.0189406714425546,0.5808778789502286
BR,218.55999755859375,-0.07624686424153826,-0.17494419292491747,-0.0668692900210821,0.0111680983764042,0.21868299701797497
BRO,77.8499984741211,-0.18872447668959969,-0.1673953893051613,-0.29993153651503646,-0.2943834361105778,0.2487531550846794
BLDR,111.55000305175781,-0.13887595466087477,-0.1562026805837906,0.00432162922708601,-0.36898968309744273,0.45241572081048276
BG,95.55999755859375,0.15914598166724292,0.16225588570413674,0.27484241112304897,0.15347084468363725,0.32406807304846685
BXP,69.37000274658203,-0.05011633703809415,0.10704061670648524,0.11795885317697952,-0.09766618909198521,0.32084435205653083
CHRW,153.1300048828125,0.14242026673284425,0.31765950292384226,0.7289761063249716,0.47323943021003667,0.37257749897011
CDNS,327.6300048828125,-0.06391427176339282,-0.06939156065782603,0.06387197679411427,0.10406067357308335,0.39287351346134425
CZR,19.93000030517578,-0.14737966608873665,-0.1709650771143244,-0.28386631836821974,-0.5075364540641465,0.500103631541813
CPT,101.80999755859375,-0.012128857263841164,-0.025556465658533534,-0.11668080455916419,-0.10084259536892604,0.22255510295917943
CPB,30.100000381469727,-0.012791059120238701,-0.060681629903394874,-0.13299175815602804,-0.31986365267436234,0.27702513039228627
COF,221.39999389648438,0.04473384206044351,0.06614080946983814,0.17525680674248267,0.17347681509693258,0.36556586597744656
CAH,196.75,0.24706848369112389,0.2540031122972113,0.3444345229033978,0.7267573161690657,0.2757510482819964
KMX,40.834999084472656,-0.07946351391745321,-0.25700509889547296,-0.38640124399822906,-0.4691927866569199,0.4278692284280714
CCL,26.905000686645508,-0.06967494413321784,-0.05163905919107037,0.3286420092170621,0.11040037948602821,0.46557766198720174
CARR,56.849998474121094,-0.04567562174680029,-0.13571716306137205,-0.1881326231977174,-0.23565747961267547,0.3377853831036328
CAT,569.2999877929688,0.13705020336356744,0.3707280527481467,0.7672385797689183,0.3862432234687012,0.3155882432851879
CBOE,251.25999450683594,0.04144906005009741,-0.005226095948410281,0.10440309184508689,0.2587255775939077,0.22331246515537523
CBRE,150.11000061035156,-0.010481188990617452,-0.0340411421744109,0.19580978308038155,0.16004642728526308,0.2963990303864241
CDW,146.32000732421875,-0.06755028656904682,-0.09851665377789531,-0.18167612536911815,-0.26828144542760035,0.32227626489372085
COR,354.0,0.139692916180163,0.24385899501732466,0.25222874887689484,0.45469284072542826,0.2152942586202728
CNC,36.84000015258789,-0.04187257681158185,0.43962485083699,-0.40980453006619555,-0.4111253301807609,0.575157688274695
CNP,38.869998931884766,-0.014202418690255625,0.005747133811211613,0.007170111842476512,0.3732094738239422,0.17408840156053368
CF,85.0199966430664,-0.07556816880929018,0.031746572561736075,0.06607717912330524,0.04791442410056068,0.3306185912397767
CRL,167.6699981689453,-0.03343519346828483,0.12726900616291337,0.18612052521926148,-0.21722688815229096,0.5455701906354402
SCHW,93.69000244140625,-0.0010661954701456366,-0.03491964694796723,0.11717325545957791,0.2527150103893605,0.25890248539389715
CHTR,225.14999389648438,-0.17939279839867528,-0.1224617551966235,-0.44326304528163807,-0.4481888143746309,0.397022946472658
CVX,152.6699981689453,-0.006959849655178596,-0.004131725512725781,0.14017667792175525,0.01188456399296589,0.24599000135530305
CMG,31.97100067138672,-0.21983892072923084,-0.2284989929806438,-0.3786005792556544,-0.4458138077232512,0.37671448163047117
CB,283.2349853515625,-0.013462280284868955,0.04422281208173895,-0.016548837109745973,0.021507017833308106,0.20167480515766018
CHD,86.66999816894531,-0.03710703130781012,-0.06135168543410796,-0.051818728600210195,-0.15033423772295762,0.2196169187433698
CI,259.55999755859375,-0.15386624952546346,-0.05103330976888998,-0.21309011334854122,-0.16083641066503118,0.35237149456473615
CINF,160.0399932861328,-0.03328305444912827,0.0719835103690809,0.1038753373443837,0.09437721524296894,0.2489941577880877
CTAS,185.80999755859375,-0.06538906573935555,-0.17714018663548914,-0.13226590710635544,-0.13732220600222422,0.2556957367939758
CSCO,72.0999984741211,0.02516702114295777,0.010382455938524382,0.22209945565874767,0.27802512925744227,0.22688720142829513
C,101.72000122070312,0.05818514932849128,0.10348860855334507,0.43773698275726347,0.5144441711993484,0.3114690014368118
CFG,51.45500183105469,-0.0017247727470364183,0.09814496280090945,0.3428731884415075,0.10595084566340507,0.32088160438389696
CLX,108.88999938964844,-0.07995647716717647,-0.10987282329393633,-0.19345344893937688,-0.30560930315380685,0.2200130319205323
CME,268.0,0.01154977553557801,-0.0458101784822732,-0.040693144226734757,0.2657808137395463,0.18499291783203206
CMS,72.5719985961914,-0.008443828727968672,-0.012357168198965596,0.014538636250919224,0.10224701953825743,0.17113102997337623
KO,68.48999786376953,0.03584384480852143,-0.01883329407772172,-0.023381203001465845,0.10753444528194156,0.1741508676984563
CTSH,74.66000366210938,0.09152049702604192,0.07778248429832058,-0.04963187914020639,-0.04492714202296333,0.26167527559107295
COIN,319.29998779296875,-0.17551063379275578,0.0282088587847118,0.5462469142516646,0.25555420887219005,0.7770088905684405
CL,76.92500305175781,-0.007169888163372717,-0.08559750275697953,-0.1422976475763288,-0.12674560562945036,0.207971337232563
CMCSA,27.940000534057617,-0.09197269683471876,-0.1084128245191408,-0.16728816183863882,-0.3576524679014944,0.27605415002125777
CAG,17.09000015258789,-0.06781219292573726,-0.09396186726683053,-0.2350554161422661,-0.36788996475948255,0.2509024010102898
COP,87.70999908447266,-0.06442667643229172,-0.05831576803866956,0.004122936599237681,-0.20321901230921136,0.329589832598695
ED,96.0999984741211,-0.04691067411521954,-0.07260444835546198,-0.09308474561627089,0.004909737764907218,0.19826029986603808
STZ,130.6300048828125,-0.07778598867183883,-0.2282810235838958,-0.30809619381978315,,
CEG,363.25,-0.02088948787061995,0.08316204238745661,0.345891545549752,0.5551247296686597,0.6215923077417532
COO,68.87999725341797,-0.019641401093850597,-0.02005980429284504,-0.16931984111868348,-0.3362883208362605,0.3555969564317703
CPRT,41.93000030517578,-0.05200088765237765,-0.09065279223261136,-0.31531680019664,-0.2436868444478023,0.2591066249040802
GLW,87.072998046875,0.023665654197727815,0.3500329972179188,0.960332105380953,0.8440209652419632,0.3353207883558713
CPAY,261.94000244140625,-0.1037738656460101,-0.13178656995990135,-0.19891126784395807,-0.2493910607641472,0.36173706546934775
CTVA,63.650001525878906,-0.02987348066208395,-0.10197326780675109,0.023661597541121182,0.041579621091594854,0.27677840730950437
CSGP,70.44000244140625,-0.10835439947587022,-0.2546031487681878,-0.07132493265060058,-0.05916922856501461,0.33214920780736135
COST,935.030029296875,0.0235601753174286,-0.04549239953220219,-0.06952393094174647,0.04521455185057066,0.2190970012130452
CTRA,25.760000228881836,0.06314489127325396,0.08227032807979029,0.13439082573322958,0.08592045982567753,0.3079184477024833
CRWD,534.1090087890625,0.10211921540692503,0.25672707950367646,0.26410352806238446,0.6690906524658202,0.46938055836151005
CCI,89.8550033569336,-0.06808748119356589,-0.1304535132927379,-0.11073187884423819,-0.08298156553501435,0.25451345669808806
CSX,35.31999969482422,-0.01752436869944929,0.000879167872419151,0.22957459287362947,-0.027349258152226108,0.24274581587316982
CMI,439.32000732421875,0.006806465404284978,0.14089423281532398,0.4492734976522206,0.25950651230936983,0.3009536298966175
CVS,78.56500244140625,0.02960194888720369,0.20853332920226642,0.1801196338830955,0.3297307132060554,0.3547178451273058
DHR,212.2550048828125,0.035592300595156834,0.060181372654749765,0.0931538981171185,-0.13810783348902977,0.3286830452481734
DRI,180.07000732421875,-0.03401158409973071,-0.1013438567105186,-0.08141220558812012,0.08526116055601918,0.2893588030128408
DDOG,154.97999572753906,-0.05569095577368344,0.18386671294851187,0.4189708294762584,0.20747945740295548,0.4513822996199111
DVA,121.18499755859375,-0.052427882266433135,-0.06420851306105213,-0.15626962724488935,-0.17600468128461422,0.3114500945728575
DAY,68.55000305175781,-0.0008744724975953133,0.33965224750311385,0.17521002742814984,-0.1531809062872811,0.436555654414504
DECK,81.83999633789062,-0.19432964301374145,-0.1951219896512456,-0.3485114269342158,-0.5033076760587967,0.5450444186289194
DE,473.81500244140625,0.028355946698657153,-0.06838228826057413,-0.02656176134603838,0.1842804506010467,0.2905745776933656
DELL,152.39500427246094,-0.07045522974622487,0.11138722000714418,0.5959588712196813,0.12155365139228458,0.5137678420288099
DAL,58.5,0.027289851849271463,0.09393725845859047,0.2166987223072825,-0.05002432948346225,0.5038386701909471
DVN,32.31999969482422,-0.07577928033671433,-0.022096084999733923,0.026425275339002186,-0.16985621086147284,0.4157414105924957
DXCM,59.279998779296875,-0.12540572666100858,-0.24828812680080703,-0.30536675271713376,-0.13598603334871595,0.4541830324244331
FANG,137.2899932861328,-0.07902336794325826,-0.026418095949373166,0.02246518622292526,-0.23255708821548293,0.3859198129940894
DLR,166.58999633789062,-0.048818105981237925,-0.020208437342751906,0.010510935636265595,-0.012329459990296665,0.2720369282496747
DG,100.5999984741211,0.024857321933389187,-0.12991311960940244,0.10606237776212724,0.3329493619791126,0.3468527045905676
DLTR,104.91999816894531,0.19458039373338587,-0.09645198340271643,0.22885923570049194,0.6811408175847948,0.427727837433032
D,59.689998626708984,-0.019385581171050048,-0.022092358466463624,0.10800546094032693,0.0958055052419804,0.223262407792967
DPZ,400.4100036621094,-0.03165658122827242,-0.08654396083356908,-0.15373940395307117,-0.08026062133659839,0.272499161970824
DASH,238.0,-0.1531755547510676,-0.08175470597557699,0.3008307349496897,0.40297100245405293,0.3899539864312278
DOV,179.55999755859375,0.08989376363334589,0.03778038798533556,0.03385212585685449,-0.10386802153614672,0.27290641807667915
DOW,22.770000457763672,0.007522127142676194,0.0885508396212642,-0.1903326651914825,-0.49331825657894735,0.4783729758168163
DHI,145.25999450683594,-0.08445738589424712,-0.07182112136207064,0.17601847384021507,-0.11891969786325218,0.3731724136495237
DTE,133.99000549316406,-0.05360924028626346,-0.03703204534690141,0.0033414363125827684,0.13938115835114573,0.17571083893807077
DUK,123.80000305175781,-0.011418991190952577,-0.0035889728078217775,0.05004969170950213,0.12984577789376384,0.17217592250849814
DD,39.61000061035156,0.2079609954036281,0.3505114366600415,0.44512594528463945,0.14620944824992477,0.35261612601152037
EMN,61.10499954223633,-0.019810725173703636,0.004050914390796967,-0.19267959281757752,-0.386171544767725,0.3986251039380635
ETN,385.3599853515625,0.022989043971073153,0.06206589472209223,0.25873575739403365,0.08371431116661698,0.3619654028379662
EBAY,81.01000213623047,-0.1202215407764119,-0.127507498831543,0.1563099117119504,0.3474904217221464,0.37411854714309256
ECL,258.8800048828125,-0.0798649395174914,-0.048985490576324175,0.026593033685170964,0.06859540845527645,0.20286563692933837
EIX,56.790000915527344,0.06209088496408599,0.07236804761790872,0.043725441215927585,-0.2593506792787156,0.34939753872737245
EW,82.81999969482422,0.09347771363539259,0.057051707820767295,0.10974142761382932,0.25961976722166114,0.24561991295521907
EA,200.74000549316406,0.0036498725382605457,0.1987694015172674,0.2927016780452123,0.2771896404292451,0.33147983854772994
ELV,317.8900146484375,-0.12267478649528507,0.08719559995879433,-0.22151015201396473,-0.24533455278156202,0.3526699087442696
EMR,132.4149932861328,0.007034662364637567,0.0008082167783174388,0.21539816848867743,0.06132554322166062,0.29661352243509803
ENPH,32.20000076293945,-0.11221394109337612,0.012897132293313351,-0.26366336382328803,-0.5695762356131704,0.7238793049526412
ETR,96.30000305175781,-0.0037244009591599347,0.0715147722322036,0.1636051843356312,0.3577461358682621,0.21469633989497977
EOG,105.22000122070312,-0.03863977184539691,-0.0864266815367305,-0.02370465659190324,-0.14419234424434524,0.2888676802133371
EPAM,160.8800048828125,0.06500733141088344,0.018227879005142444,-0.10477992948403625,-0.2062755787408913,0.4374900057231511
EQT,56.029998779296875,-0.006736413209415537,0.09241563227062777,0.05246794840330837,0.4060086103133458,0.3850609159849119
EFX,207.22999572753906,-0.1353888432070247,-0.13409977784130922,-0.23275397259952035,-0.21007844061942393,0.366951674319819
EQIX,822.1199951171875,0.023020830880772447,0.06562154177308677,-0.03414887110852838,-0.05718956604418868,0.274935462165886
EQR,59.744998931884766,-0.04147285132730405,-0.04450568560795576,-0.12457870282335204,-0.1288554994574047,0.23525979352394238
ERIE,288.1600036621094,-0.12065916103763119,-0.19008814619543057,-0.19039334797853136,-0.3164906298230129,0.32334488841247233
ESS,260.57000732421875,-0.00587531232462668,0.033465547146106056,-0.057338113055065754,-0.08065250907922561,0.25045268572051976
EL,91.08000183105469,-0.04887218254776038,0.008146980572246942,0.5006079780980817,0.4661695772377714,0.486813110303105
EG,321.9849853515625,-0.1055972629123264,-0.023696187782493494,-0.06722364937425196,-0.1069965928803005,0.25812519497127495
EVRG,76.7699966430664,-0.013619493293720253,0.06991892031555724,0.1760327163086699,0.30890764181598507,0.16418944017854406
ES,72.93000030517578,-0.007620051365790359,0.1340553863733942,0.19080720572399823,0.26052275053518037,0.24361050494950942
EXC,46.150001525878906,-0.010081454671257317,0.027382088314151787,0.04160946169265656,0.24977722296154092,0.18758011700329444
EXE,110.05000305175781,0.009540417348379071,0.11735999995042379,0.01819548146131944,0.23053741341243406,0.3013256545388915
EXPE,213.80999755859375,-0.010871604661836676,0.14180364410688928,0.2891809376883778,0.25211876542166256,0.426530324758303
EXPD,137.77999877929688,0.14103518657802794,0.17640023521360249,0.25841414773278015,0.1687893612344895,0.28451688412443105
EXR,133.02000427246094,-0.06593637489068338,-0.01363493490573664,-0.07771024211907462,-0.13724775112955678,0.26418894367904583
XOM,113.70999908447266,-0.0027187999273862173,0.07460775244548623,0.09196896164678225,-0.02626908865309463,0.23150124609016826
FFIV,246.49000549316406,-0.28048918455670446,-0.23395588802816913,-0.09756904051416648,0.026528446216516732,0.3188414995761845
FDS,261.2300109863281,-0.07190816124843313,-0.3149152730383553,-0.41444083105767493,-0.4487013093238039,0.2644991691025251
FICO,1636.719970703125,-0.03438920049242655,0.23911329163343154,-0.22274145053913574,-0.2171163417499492,0.4789433499437077
FAST,41.68000030517578,-0.11889222379483122,-0.1269708086091259,0.06178710522119224,0.018678288712977054,0.24205933031931015
FRT,96.22599792480469,-0.014077874700794468,0.05360977640309739,0.03404556642219392,-0.11103920347071916,0.23676613311816386
FDX,256.0,0.056410671669435475,0.14680187412232537,0.2029314237535782,-0.06445377171895272,0.32531273173201547
FIS,64.73999786376953,-0.049757808987411445,-0.08488653450639294,-0.1601653619717941,-0.2354459629225213,0.2947244689488095
FITB,42.5099983215332,-0.02365646698061552,0.029967919968227674,0.16139527835573286,-0.059700848989036825,0.27742953351390537
FSLR,277.3900146484375,0.19890227990859888,0.5022476242481957,1.0737890702758754,0.4296980132981578,0.6267697830194411
FE,45.689998626708984,-0.021208262039300485,0.05617199259035144,0.08644128893773417,0.14549798451190066,0.2038069793255592
FI,63.994998931884766,-0.4941506770115087,-0.5197013187216654,-0.6471966528076585,-0.6969933718911572,0.5912521489675062
F,13.135000228881836,0.11882457282457048,0.1759176489853571,0.31377629058081924,0.2633134290053336,0.33610672439024414
FTNT,85.98999786376953,-0.005436053963451037,0.15593491825912364,-0.12021690461234924,0.06331142504386644,0.42904482729804855
FTV,50.25,0.012900612412306556,0.06029285854743316,-0.01752477661535312,-0.09849895322359292,0.2602437957688755
FOXA,64.77999877929688,0.07679519520616318,0.20471073109662963,0.29072744795799554,0.437830348480869,0.3009125034486177
FOX,58.36000061035156,0.05974216331503923,0.1955825090289638,0.23954524502789498,0.39117174256338494,0.3010228400494344
BEN,22.774999618530273,-0.034548559931578016,-0.07598311634193078,0.12333161769734802,0.12307751779330656,0.31356955852656937
FCX,40.20500183105469,-0.05836148555079179,-0.036321697661122254,0.08010373997000775,-0.12912276439794035,0.48483429079383833
GRMN,205.49000549316406,-0.20895402015685127,-0.11240338970204167,0.08810416394983878,-0.004839319560101307,0.3538174336526297
IT,237.13999938964844,-0.028074945486681213,0.03554584886309353,-0.457878967239875,-0.5583162812323439,0.4089221191297066
GE,305.0849914550781,0.008345432036154676,0.11071514677468985,0.4261916292019461,0.6982314620671215,0.30756253569844744
GEHC,75.61000061035156,0.006845082860085672,0.050614820942298966,0.07345773950006818,-0.12711061473967733,0.35867841557310465
GEV,559.864990234375,-0.10448738043540129,-0.13710219693591685,0.42218830557264697,0.6687212412840973,0.5545302736102327
GEN,25.84000015258789,-0.05347982143862717,-0.08231176440703802,-0.06407689938109684,-0.097392468255737,0.27267690984187926
GNRC,159.16000366210938,-0.046660637487449974,-0.17755270696447167,0.3714778067788993,-0.13264303181411785,0.44586519495150245
GD,342.9599914550781,-0.005693889157660115,0.09657597156698228,0.27301416092241504,0.13468338229580556,0.22302808715995748
GIS,46.380001068115234,-0.056037418009517226,-0.05755294300400293,-0.13126680645579403,-0.2650099630964634,0.22909339410318746
GM,68.77999877929688,0.21950349146245074,0.28820992241488885,0.4609819015920338,0.262671189059587,0.3824233801393417
GPC,124.62999725341797,-0.08367030154424426,-0.06288364798094503,0.09157377104171682,0.043600923706912154,0.2485060316879979
GILD,122.58000183105469,0.036617351636826,0.03367597035597436,0.2663780873511128,0.3767289973886647,0.28371726967049354
GPN,79.23999786376953,-0.10493619161440504,-0.018898735345441398,0.0019330304037956658,-0.3036020623443796,0.4034411070505567
GL,133.69000244140625,-0.017202061007786762,-0.04696283109486099,0.1074049764230327,0.21453846194366455,0.2597117384593211
GDDY,133.1300048828125,-0.016038419216555355,-0.0016498028543946441,-0.27243410213515473,-0.24276203440340138,0.3311015047815293
GS,792.8350219726562,0.021023569563460853,0.10510512477705092,0.41603718945515333,0.3574492244869467,0.30772341676371356
HAL,27.100000381469727,0.13294315614686547,0.3064390202547538,0.360359980831916,-0.08595777865212106,0.43256292185198114
HIG,128.27000427246094,-0.035636346365922056,0.004807326533696754,0.008454287602691402,0.11733056673506725,0.21577616984971026
HAS,76.87000274658203,0.017202634074469314,0.0007501028262646425,0.26821672114375716,0.2617720089127358,0.35683588383923165
HCA,473.04998779296875,0.1097426513359272,0.24183417367234017,0.3415950585091816,0.36745243262689264,0.2665243461078778
DOC,17.860000610351562,-0.04725263812509972,0.07108023518554574,0.06274650493722067,-0.15487903001990555,0.23996171216859224
HSIC,72.01000213623047,0.11246714663605961,0.09205337382597123,0.04528963237370642,0.028567346650100855,0.29976401728609003
HSY,169.91000366210938,-0.13116176220445652,-0.07086756876798828,0.014908790365859348,-0.007199819899741167,0.30658678012099555
HPE,23.70989990234375,-0.09087806856962233,0.14537229481145397,0.423210850589157,0.14181882646549449,0.4606379952884274
HLT,264.45001220703125,0.016880776319504465,0.008744432725909634,0.08871896300609872,0.07560791162523839,0.25634956131276404
HOLX,74.2300033569336,0.0861868208175085,0.09065539258986899,0.3212887674209375,-0.07777357029417575,0.29649023482971076
HD,373.80499267578125,-0.03362117050979918,-0.026527990880128915,0.04276205342579287,-0.014684519214301917,0.22395566494388008
HON,197.0500030517578,-0.003716697480991571,-0.028438730944841284,-0.015418081023207075,-0.013825596716404598,0.2537648396758883
HRL,21.540000915527344,-0.08712616811475737,-0.23425014493638052,-0.25083913687414006,-0.2692981300567031,0.2614113577052067
HST,16.209999084472656,-0.0024615948016827316,0.06828396765423173,0.1184466336284331,-0.04757492522326556,0.29272054699763206
HWM,206.32000732421875,0.0765458590917465,0.14146615393758655,0.3116673052951191,0.801294694199667,0.3438187382984057
HPQ,26.6299991607666,-0.01479842825444444,0.030167648631524546,0.03324269196573204,-0.24920036102597287,0.3828140546033011
HUBB,468.04998779296875,0.13348508486877053,0.12349222488213529,0.33660506996297923,0.004108599107546906,0.31541587351165473
HUM,265.0299987792969,-0.11075697496716985,-0.0027182506918213,0.05364053029602189,-0.06848331931956031,0.4471991330915296
HBAN,15.289999961853027,-0.08770884528364242,-0.027902339658755326,0.04151170075461996,-0.09302524366487175,0.29781347060747443
HII,306.635009765625,0.07447965701570647,0.1564879552359144,0.3466718114903713,0.5479924182724993,0.36996418146770055
IBM,306.69000244140625,0.05952467178526155,0.2659016676967467,0.2230197371247331,0.4763805031328736,0.30259485613171494
IEX,168.22000122070312,0.018958066989594125,0.06568628446067137,-0.0547730059245668,-0.2730172885851657,0.28999547463631725
IDXX,720.2100219726562,0.1481475391141458,0.10791315367431054,0.4800559866282317,0.70093523955635,0.4408452661181699
ITW,245.05999755859375,-0.04179864102211628,-0.039727282043935275,0.03232887039153698,-0.08855435184064864,0.22187001909358767
INCY,105.69999694824219,0.21257312342009738,0.35166241781571017,0.7749789807295329,0.30574429812300874,0.35168975148634873
IR,78.4000015258789,-0.03626302401444581,0.0280469714164977,0.0074269471607075754,-0.2379824063395789,0.3204100212464667
PODD,314.44000244140625,-0.0033281176121902067,0.023900997043342587,0.2235019550249271,0.3139991576740453,0.37912650184761754
INTC,38.380001068115234,0.025380730836063847,0.9238095037776974,0.8276190984816778,0.5321358178459918,0.6306513712865426
ICE,146.25,-0.08232412322997273,-0.21320415332169196,-0.1666974584317692,-0.05068069790514951,0.18735604072509243
IFF,63.94499969482422,0.04314845824932023,0.012728708742951289,-0.12642155590036575,-0.2537958136741796,0.27114807963492427
IP,36.31999969482422,-0.22160309015006086,-0.2286951799190351,-0.17568827272162946,-0.36009854987877854,0.3748929953140388
IPG,25.174999237060547,-0.07716280779330886,0.02321883740689512,0.023943487476756786,-0.12960448653361345,0.3107675210118577
INTU,655.3300170898438,-0.00193414338000919,-0.12346099497364282,0.00203647075446578,0.01738173982083091,0.31947465953348597
ISRG,548.5499877929688,0.244046774517497,0.16759964803549066,0.023127786653479365,0.0640093119607481,0.358507328961119
IVZ,23.354999542236328,-0.030912897404193562,0.14658007724055477,0.668243799440374,0.3157111418492824,0.39828208281324334
INVH,28.3799991607666,0.007097191391942204,-0.042918770753423985,-0.16346459279985404,-0.11790396197321451,0.20168639971114868
IQV,210.10000610351562,0.04735792478040968,0.16813079834618683,0.3706048359682592,-0.05039545263947742,0.38882069267291963
IRM,100.41000366210938,-0.047253019796755114,0.12280253335982594,0.054581343881385136,-0.09458851643238864,0.3253694331145961
JBHT,170.25,0.16171952545010826,0.22095522819242874,0.24624565489613248,-0.10707529831437168,0.4108729314613304
JBL,218.0800018310547,0.05592409393320352,-0.027546217796689088,0.4136331247779468,0.5860008242890506,0.392525858020445
JKHY,159.8300018310547,0.06959786967157511,-0.007150576802516184,-0.10312517659872145,-0.10227264838515904,0.2220967026415787
J,155.93499755859375,-0.00905568788911193,0.05476810514657093,0.2869987928903319,0.07456025424309809,0.24764721491328825
JNJ,186.00999450683594,-0.01940011538408326,0.08103225232038347,0.2140670163623437,0.21625838211363457,0.19364697272947942
JCI,120.81999969482422,0.11426726325534298,0.1446707361588475,0.32900910678267903,0.5019636538149648,0.3065246218633842
JPM,311.7099914550781,0.025260641076923385,0.08472588194863628,0.2417030107561,0.28838568598399705,0.24325204383268276
K,83.18000030517578,0.003740769256901366,0.046475705216018515,0.022211452464913295,0.05704732701303339,0.07258213627574614
KVUE,16.229999542236328,0.009328334529973281,-0.2321637806314233,-0.31301583692890445,-0.25162457264463023,0.3480099336503716
KDP,26.719999313354492,0.0445660435124533,-0.21671073387217443,-0.2047506032359766,-0.16516990124923792,0.2671403298617338
KEY,17.5,-0.032614712416322855,0.004388859137457679,0.1510628906030207,-0.08173356337767246,0.30998853810735055
KEYS,185.9199981689453,0.07980024438168498,0.12706104875125557,0.22122958132245718,0.14871789408543523,0.3348193256348542
KMB,100.05000305175781,-0.16367127519181424,-0.25796444183099376,-0.23629385569002614,-0.21139113177838842,0.2431869647737178
KIM,20.420000076293945,-0.040864293180884026,-0.007857471246898617,0.010513303173878441,-0.12193134144052997,0.23459029325067687
KMI,25.920000076293945,-0.06846976469676957,-0.025166957404754053,-0.020326773412090438,0.027033888038372922,0.2539682139978619
KKR,118.88999938964844,-0.046744722370055,-0.16277968009605348,0.02599745738378889,-0.21599050040988665,0.4532917940552689
KLAC,1227.0999755859375,0.15481984119681047,0.3443053692161464,0.752706390470137,0.8501078833576934,0.42741557531987934
KHC,24.139999389648438,-0.05035407878850495,-0.11412375027752941,-0.1192866119068875,-0.2368614336485283,0.2559851342244459
KR,63.150001525878906,-0.07295949824301051,-0.14505809479641252,-0.11184337311648107,0.0775930552427424,0.2560339207621876
LHX,287.114990234375,-0.06404035371579064,0.06919273663211323,0.32704288565248274,0.14165185832727012,0.22319580822060137
LH,250.64999389648438,-0.09678935866791127,-0.05473835861688614,0.013154805170935147,0.08162309197695472,0.23862507929555674
LRCX,165.0500030517578,0.15792065964559665,0.6253161369174969,1.2134503830462084,1.1724202061051487,0.48086159187176686
LW,62.72999954223633,-0.014285413716114359,0.2241599943542545,0.23430327696276732,-0.19542643009376415,0.435703036447284
LVS,62.560001373291016,0.20772205202142513,0.18015475106850753,0.5881733554725774,,
LDOS,195.08999633789062,-0.015840182905337286,0.10773571061153597,0.2671518786238021,0.015179957691763502,0.304245251761284
LEN,121.18499755859375,0.013162405864926452,0.007042403984408363,0.11555238734009188,-0.24528506287849872,0.3430576672908972
LII,489.989990234375,-0.11646656003655642,-0.1562608252588813,-0.1457990273084825,-0.18262671608512615,0.35499785850335547
LLY,926.27001953125,0.0952443499249005,0.4837439878140648,0.23788305143557986,0.2021866858053165,0.41020840469136066
LIN,418.2300109863281,-0.10602136889375258,-0.11188357285811112,-0.07132783096364703,-0.08439361899786757,0.18791137342517444
LYV,134.7949981689453,-0.10106701625694514,-0.11973490582657931,0.0007795361618225805,0.06988650253567319,0.3112601990664934
LKQ,30.84000015258789,0.03838381684726966,0.056841713641281766,-0.21662650569721176,-0.16550196456708555,0.3383797744261743
LMT,473.1600036621094,-0.07949109823855127,0.1197800466834209,0.011305852291164875,-0.11842696897537541,0.26306558427092436
L,100.8499984741211,-0.021348903566084765,0.07621055267753407,0.14797871552347552,0.2220416804376515,0.19427768861463507
LOW,234.3000030517578,-0.008998796154794597,-0.0236285665814866,0.05445569099393377,-0.08687192538307165,0.2403732614257328
LULU,167.58999633789062,-0.041356885272973654,-0.11529323329104935,-0.4066140258330231,-0.4648081097970056,0.5135727430288807
LYB,43.96500015258789,-0.10512926528062638,-0.10276383026443925,-0.1704160458370223,-0.4479694660729887,0.3998906552048335
MTB,183.38999938964844,-0.024884392791575394,-0.012852919142649188,0.048322830462318,-0.12902807359976043,0.26229862829075806
MPC,186.17999267578125,-0.027983715141644105,0.1591630801923063,0.3012447230047399,0.2267443000313989,0.3417220365777585
MKTX,161.0,-0.06466045760232153,-0.1355674245457391,-0.28301305734470716,-0.4059008477401105,0.2670765665527241
MAR,283.07000732421875,0.056310156426780944,0.09184176622538898,0.09727245701974807,0.034540225064778385,0.2846556187354169
MMC,178.4199981689453,-0.1285958575387286,-0.12004060494413138,-0.2120410228902283,-0.18803485810701115,0.2054982933971396
MLM,610.7999877929688,-0.029875634116715233,0.018863231593418517,0.14603011731886117,-0.004844737494761886,0.22911809427295776
MAS,63.41999816894531,-0.07833163175247448,-0.08471644781385201,0.037455791579939834,-0.19566374109010265,0.31170750168830447
MA,553.1649780273438,-0.04474473664184331,-0.01305142544761162,-0.02063335666019306,0.06757082758794541,0.2212686328526308
MTCH,33.189998626708984,-0.0006022420450177979,-0.07530026366065745,0.22202509555236016,-0.10320924298922174,0.39982009382802985
MKC,64.57499694824219,-0.011963634920375554,-0.0753317437817671,-0.14176888020470257,-0.1366005377901639,0.2359269852104928
MCD,305.6400146484375,0.038179419106595835,0.006302849248775333,-0.013944489055852438,0.0638554708313257,0.179382909393719
MCK,845.0599975585938,0.11817399610796397,0.2654737032024599,0.22695562831674576,0.5452206622965932,0.24856714231408494
MDT,90.4000015258789,-0.07632574855490137,-0.026701074514166145,0.09006164153191598,0.02839490528782518,0.21452052246440467
MRK,84.41999816894531,-0.022916705115341163,0.05656088419947003,0.10891814843477055,-0.13087855500119394,0.2927867515093023
META,635.9500122070312,-0.1140783622879884,-0.17278144701648424,0.06498028345220508,0.1151991595070967,0.38329329286138036
MET,78.70500183105469,-0.03360410659297741,0.03937925131000197,0.029511365368074083,,
MTD,1441.1700439453125,0.08478544870231675,0.14745581308644473,0.3082160412820447,0.03073981672034809,0.3484923936966187
MGM,32.0099983215332,-0.009591626739422932,-0.06348747701192914,-0.006209275648066281,-0.14480368526454712,0.41833404794185175
MCHP,60.79999923706055,-0.09145246711505128,-0.010483009251697095,0.2554984930099957,-0.151370050536497,0.5893543198307666
MU,237.5,0.20840545493575724,0.9988959377327888,1.7935692698765275,1.13262611172186,0.6184881387047638
MSFT,507.1600036621094,-0.03370481613165588,-0.026906514131639248,0.16148141863191978,0.21606811191273545,0.2419877591457559
MAA,128.50999450683594,-0.04319326879512775,-0.07472801696113318,-0.1878184596747371,-0.1281651515374237,0.20987215036344115
MRNA,23.559999465942383,-0.1382589855723797,-0.11461860482719033,-0.02078138034490662,-0.545261554884112,0.6856369843021554
MHK,110.44999694824219,-0.09652354234566718,-0.08423848445978177,0.05080388456742835,-0.2516938185572919,0.36041007160801997
MOH,149.73980712890625,-0.26207466745472163,-0.04563535402239782,-0.540478076903626,-0.5409570768689302,0.5212830760265893
TAP,45.209999084472656,-0.008552618480234586,-0.09962936868387973,-0.15117583496863085,-0.1729717972338396,0.2579163325524098
MDLZ,56.02000045776367,-0.09146933836531868,-0.08667590938372527,-0.15404430376392586,-0.13035975290771185,0.2220171853280671
MPWR,1000.1500244140625,0.0196248338473628,0.24571104158252122,0.5689856608331956,0.2846697073691067,0.6149603577315296
MNST,67.87000274658203,-0.004108566001873815,0.1162829539183936,0.12070675705953615,0.24669368954179416,0.23835832756316383
MCO,486.1700134277344,-0.004627027991598087,-0.0525460223073797,0.043002285844927934,0.062102465417774866,0.27261817339453204
MS,165.1999969482422,0.06562620634780347,0.1794332099889655,0.4052091479867075,0.29154899493373576,0.3081682038160568
MOS,26.200000762939453,-0.24691002950661134,-0.17514568045974988,-0.17713477109874898,-0.0216118894238454,0.3878178536915376
MSI,394.5,-0.14658419143801915,-0.12795330726700183,-0.03394306060140906,-0.15074470439691956,0.24248855365353544
MSCI,571.8900146484375,0.008731104148084645,0.04945395016703058,0.031427348288798784,0.007027707259005034,0.2812630744886431
NDAQ,85.55999755859375,-0.0479582180512641,-0.11407728641831438,0.0894814924485452,0.1162777178942449,0.2381016869828666
NTAP,115.69000244140625,-0.050320122055282024,0.09399505817348941,0.2363131879483491,-0.025545897802785156,0.37152961059443046
NFLX,1098.4599609375,-0.07774595159003173,-0.0693935245037769,-0.049289924405599095,0.40790291075753116,0.33047421327047205
NEM,81.62000274658203,-0.07669681744645718,0.1871767211603732,0.5573507255815828,0.871760873081574,0.3906454248012251
NWSA,25.639999389648438,-0.06355003011144889,-0.11192788846611312,-0.08703165675974489,-0.10800338517934294,0.2306498212540336
NWS,29.200000762939453,-0.054710218844333136,-0.1267065325836274,-0.10317625552137444,-0.05145910899346806,0.23914842091979674
NEE,82.12999725341797,-0.02272731605547229,0.1430064147792096,0.22123535899518054,0.13642047928167278,0.28026168506769017
NKE,62.099998474121094,-0.10117235829025584,-0.15861005392001903,0.06667055440961778,-0.15722322098720043,0.39620823376278713
NI,42.875,-0.01681421332620925,0.020857626115530215,0.09690243860544934,0.25391690612054374,0.2042155067566907
NDSN,233.3000030517578,-0.0043530396064285215,0.10954443910983036,0.21079003331235846,-0.10433021372518236,0.28950617589206185
NSC,280.7799987792969,-0.05340164722082419,0.0026782844811963358,0.2592053207267715,0.030362238338626613,0.23665489460682732
NTRS,128.19000244140625,-0.01957933123207456,0.026557040134965515,0.2935864377800299,0.236962914788573,0.2903536262209737
NOC,570.3200073242188,-0.08254105682731083,-0.025227945420577158,0.18365358421966316,0.10930657261428323,0.27435673554580475
NCLH,18.600000381469727,-0.2145270210404393,-0.2249999841054281,0.040268526537909244,-0.32997117333889414,0.5164025887446098
NRG,173.2899932861328,0.037098725499256524,0.13894583306213737,0.44750882297571826,0.9011787350912912,0.5546100603426359
NUE,145.1999969482422,0.05339524670553386,0.04899441981264152,0.26765860491207993,-0.11907342539843768,0.38142864611232274
NVDA,195.2100067138672,0.03225639090385424,0.06853319938473623,0.663411083588296,0.34102033110823715,0.49536285517785406
NVR,7182.6201171875,-0.07402636839458776,-0.08602717548898609,-0.0062439739631974245,-0.21949591235690813,0.2731766130070827
NXPI,210.44000244140625,-0.04162491717565775,0.026710914246751427,0.1365958436120014,-0.07333056637288371,0.4569194586722245
ORLY,94.94000244140625,-0.06784483197091651,-0.08243934163199873,0.03338682972353113,0.1539116558562197,0.2039333799744686
OXY,39.779998779296875,-0.11678512498469129,-0.09763915389241506,-0.029540327247258746,-0.2098743356196373,0.3628633250294554
ODFL,140.77999877929688,-0.02762812566463424,-0.023650513082657976,-0.11762364988257978,-0.38447716146490063,0.38836791507293666
OMC,73.41000366210938,-0.07811118681209817,0.01551891275473083,-0.02166113508097689,-0.27634964194634803,0.31676970944720223
ON,50.08000183105469,-0.015723255115296708,0.05077637413744096,0.25924066519034583,-0.3070429755463484,0.5881072916560092
OKE,66.27999877929688,-0.06998006454454309,-0.09595971105932255,-0.17118582378860092,-0.3173345260825622,0.3125874884088559
ORCL,250.2899932861328,-0.1313296461854776,0.0026967601528440355,0.671703960407442,0.3947220292548872,0.5936971285391704
OTIS,91.24500274658203,-5.4764421018815845e-05,0.048186647656211834,-0.0538420862511968,-0.07705950948969142,0.24106262668512116
PCAR,100.73999786376953,0.05233463210228817,0.03833315207591648,0.10767846352713262,-0.09554889016278578,0.28367532083616104
PKG,199.19000244140625,-0.06606337405539386,0.019976803430167056,0.09943313246299712,-0.1551764173223149,0.2677737619978599
PLTR,187.89999389648438,0.023643475678873038,0.00502774469866063,0.5770037053308241,2.383756492473375,0.6814137940856254
PANW,213.17999267578125,0.010140255201519954,0.26817361651078975,0.13309234276265514,0.10691103758975307,0.3501291056901532
PH,774.6300048828125,0.028260781676782365,0.06696159101096688,0.21380432287681717,0.10273115752929884,0.30963349098112386
PAYX,116.5,-0.07970611130249716,-0.17487075582176992,-0.21875597001187885,-0.19380057130234207,0.2381573930035588
PAYC,183.8699951171875,-0.10342308623217211,-0.19875893151668833,-0.2603431523927324,-0.19918646021406594,0.3473775976476716
PYPL,68.05999755859375,-0.10600288960948179,0.006060547279633122,-0.034336062472700934,-0.1639848360519005,0.3839437075314309
PNR,107.94000244140625,-0.032340598529925546,0.053196271060520495,0.15939692628425228,0.05963565922360603,0.2753632980559841
PEP,142.86000061035156,0.028954223411801205,-0.006559537841144936,0.1096430002984341,-0.0991283097086969,0.22919735821404708
PFE,24.635000228881836,-0.04069314890480458,0.0022376039603944076,0.11180496990745548,-0.03641856166847046,0.263966529030161
PCG,16.28499984741211,-0.026016715538674906,0.08747189147226586,-0.048819517646909394,-0.1908298542361586,0.31091514145952315
PM,148.41000366210938,-0.04418110659876029,-0.11972875237168812,-0.12248604044998967,0.2285985545628888,0.26074773153416436
PSX,135.93499755859375,0.035300795118861084,0.15232118646978154,0.26933635247016685,0.10310455701465848,0.35222605357498493
PNW,88.45500183105469,-0.0280175369704595,-0.035048845663981365,-0.01896231466520093,0.021949936681095128,0.17555978466268393
PNC,184.10000610351562,-0.02298213359090917,-0.02081943340814163,0.12399519665666436,-0.068574810789921,0.2506012458456798
POOL,253.02999877929688,-0.1613747920072105,-0.16909848853513854,-0.15455005795888466,-0.30718025858804365,0.31711476771831243
PPG,96.23999786376953,-0.05266265052640495,-0.0941264428634131,-0.10239473708741087,-0.21607257759902498,0.295870318685466
PPL,36.375,-0.024537433442280876,0.008392548027326585,0.037408098614763796,0.15339955132815897,0.1782209458329878
PFG,81.16000366210938,-0.0074598631038191865,0.07007834610600683,0.04978270242414662,-0.022211952102761057,0.280257482444422
PG,145.77999877929688,-0.025818391685972553,-0.04371423126292717,-0.06836851730392934,-0.07090015586074627,0.18549897260964496
PGR,209.00999450683594,-0.14008888090912397,-0.1517794842490342,-0.263257401564461,-0.17573735866314444,0.24672700895347752
PLD,123.81999969482422,0.06750583649679043,0.18209847902923815,0.19553147566304996,0.12843617854830724,0.2938997482918791
PRU,104.44999694824219,0.01516179966807063,0.02409954893292343,0.03396234452013491,-0.14231172446560458,0.26997810506355446
PEG,79.8499984741211,-0.023838685878811994,-0.08209063151058515,0.020628077226468866,-0.017624583144395745,0.21750607135866873
PTC,189.97000122070312,-0.06616522607131059,-0.07521174708382339,0.15315038780052714,-0.04074930488292827,0.3289696662421023
PSA,278.9599914550781,-0.04837286786099626,0.0003995705519457271,-0.053215796666219894,-0.10775811581448624,0.22575348326033484
PHM,119.44000244140625,-0.06438979308241155,-0.016481457457271365,0.15995286166097822,-0.06810087047747149,0.35022531135127727
PWR,453.43499755859375,0.02251659730905775,0.17452916173595745,0.3905422420678262,0.46058664864201204,0.39534179292523425
QCOM,179.72000122070312,0.07122844754080848,0.22487642695280763,0.25312533115210933,0.06228801035687814,0.3878298139351584
DGX,178.22500610351562,-0.014732673421001263,0.011620753576504272,0.022339844216017868,0.17021774980513316,0.22619077294913031
RL,316.8699951171875,-0.0369571276394951,0.10257408971128679,0.2681138051727636,0.5439554311915638,0.40195696198311875
RJF,159.55999755859375,-0.033847996030774485,-0.02968974250170764,0.10311226129213491,0.005331651775658086,0.26522389923310025
RTX,173.97999572753906,0.027825316572313685,0.1218941768611177,0.3775455762627211,0.4595454499487903,0.2735230831716632
O,56.1349983215332,-0.04426454930098689,-0.009225533118217721,0.02625170783879449,0.041909898349117514,0.18054215280696742
REG,69.41999816894531,-0.025820992311613278,-0.025228105171026693,-0.015405161759879493,-0.00918832005320902,0.19488411899609628
REGN,644.1900024414062,0.14246447553776775,0.14594699120226062,0.17976408538907518,-0.20779823881923432,0.40717803117284807
RF,24.375,-0.03618034331369113,-0.01231407737163659,0.16917938364732343,-0.03451679225722892,0.2920788522086404
RSG,206.39999389648438,-0.07340070080141692,-0.12163513971136608,-0.17612124913107252,0.007181436558342913,0.18414936151086736
RMD,245.2550048828125,-0.13137949501974966,-0.13432009766172637,0.011010449875795691,0.007151999380408114,0.27075567352271046
RVTY,92.58000183105469,0.009578336703823132,0.06689311661099495,-0.0019709489818325876,-0.25644280315821577,0.37811092765495696
ROK,362.4700012207031,0.04125137592545114,0.09192626240060897,0.2546748386156279,0.2541932479529132,0.33172306929102086
ROL,59.689998626708984,0.027013071639320207,0.020778046863333843,0.058970958280440744,0.24274510230619906,0.21691176740342755
ROP,445.8299865722656,-0.1426346412071815,-0.16432055268382662,-0.22219511039388695,-0.20558929851844066,0.21198346013465108
ROST,162.22999572753906,0.06716215740120002,0.120125587512806,0.13782085240152764,0.1836620886189182,0.2569250511726082
RCL,256.57000732421875,-0.16781807480810584,-0.14624150865681862,0.10841168440016702,0.14535929674307102,0.4414847786591111
SPGI,497.1400146484375,0.030491516273827957,-0.10570404842750492,-0.01709263604642819,0.02187508488033263,0.2374687094866655
CRM,252.66009521484375,0.05086762430490421,0.052347352317151374,-0.09379627933062895,-0.17175160369243914,0.3388234449474031
SBAC,195.7899932861328,0.043601048180636814,-0.10905003544345915,-0.1644296084324326,-0.08741965852736044,0.25007049447635166
SLB,36.54499816894531,0.07580208583192061,0.12070107309469869,0.08239574229856439,-0.13996762417615094,0.356400501862432
STX,275.7699890136719,0.22919537112216948,0.8387454802969485,1.8879359481500244,1.7429467574685655,0.4998357625842155
SRE,92.4000015258789,-0.01712584378009585,0.12685717550218945,0.23746680791566588,0.08067120354443613,0.3051963460548117
NOW,879.530029296875,-0.02732677298544972,0.006189120727025932,-0.10552324446408967,-0.1155879991849541,0.39617915039244783
SHW,335.7449951171875,-0.003724050097366427,-0.03845879210367453,-0.0408750198660901,-0.11073660019475107,0.24649621820104956
SPG,181.38999938964844,0.017729920540087374,0.112907302779091,0.14079450617944445,0.09698251658520984,0.2624113267229267
SWKS,73.45999908447266,-0.03469118847021013,0.043131934473642275,0.11311366892236219,-0.15670110261963033,0.5019055843525008
SJM,105.26000213623047,-0.006231080477004269,-0.03983605034294202,-0.04179220452524557,-0.05275776775088925,0.30267910516803825
SW,36.08000183105469,-0.16674359199125,-0.16481257468812782,-0.1180054382861575,-0.299079399180593,0.3921702592808455
SNA,342.75,0.010316875460574693,0.07220196961848502,0.09567297622474857,-0.0074437968153664436,0.24560208654354118
SOLV,67.70999908447266,-0.0651663841062532,-0.07739474522978318,0.016208943052286928,-0.08672781707728949,0.30539702495799775
SO,91.43000030517578,-0.04938656669711394,-0.02677224120533639,0.02901280771325565,0.08090083781246604,0.17679301354861882
LUV,31.614999771118164,-0.025731925183032023,0.07334387334885961,0.029144289868202833,0.030092199145281606,0.41432731280864277
SWK,69.5999984741211,-0.0490504692927044,0.023950899443913487,0.20992087233669787,-0.21040275331308722,0.44435487952791375
SBUX,82.87999725341797,0.019559556156763636,-0.08342282617609964,0.015767935545131895,-0.11539734677353752,0.33586158208178746
STT,116.87999725341797,0.0016282012857709027,0.05988900278233311,0.26068414049172595,0.2449999902478477,0.2820625733846204
STLD,154.1300048828125,0.05172297286392835,0.2574127722875499,0.19786034870192304,0.014387011750887524,0.37227960426269746
STE,243.1300048828125,0.0033012959423635024,0.0037611036468039316,0.08180834767086331,0.07952189505395757,0.22837967889530736
SYK,357.67999267578125,-0.04692375354574019,-0.05054784569866777,-0.06065743876138574,-0.02192912768166211,0.21712900450476025
SMCI,42.029998779296875,-0.28374235581608065,-0.057623313514583385,0.3089379626404405,0.8515417342150942,1.032274428957559
SYF,74.37999725341797,0.04804841445768626,0.07129478505667208,0.346982074499139,0.11676511681425894,0.3807310966764691
SNPS,409.1099853515625,-0.14381684522076366,-0.3404962292961068,-0.14864531968867678,-0.260399589089918,0.5718947716511628
SYY,73.18800354003906,-0.08457778194263954,-0.08341771018626798,0.052069147988210274,-0.023594196832800285,0.21185017763729996
TMUS,204.74000549316406,-0.10075539318592641,-0.15423526531534326,-0.1792566747047617,-0.10566632880475735,0.2778449536482669
TROW,102.37999725341797,-0.03214219668287943,-0.004171612420145965,0.14894231114178957,-0.11294157993777898,0.2891281778638064
TTWO,254.75999450683594,-0.012826026750270003,0.17201085812000372,0.13000664429071884,0.528988128511573,0.30441508339811857
TPR,109.30999755859375,-0.06420683294884821,0.0058186982501082785,0.4213525898811459,1.2367585931108365,0.4367515006576182
TRGP,162.75,-0.027650024591393096,-0.0076246288472396895,0.02977816675846756,-0.10581293722782315,0.3630100807686074
TGT,91.94000244140625,0.017260513779549624,-0.11824412721771393,-0.030232857388761247,-0.35170941026169056,0.39984647068583223
TEL,248.92999267578125,0.10916544490287206,0.23683294364535667,0.6494160472799797,0.6353448073648615,0.287437015867139
TDY,512.6599731445312,-0.1281441393338313,-0.060941915589181606,0.06372022027111801,0.0663976027760751,0.2297601594288713
TER,187.58999633789062,0.29730282447982415,0.7472664802464442,1.447481779358304,0.7291164801118661,0.5784757838856242
TSLA,462.25799560546875,0.05372357024983798,0.40226908589182475,0.6229828794269612,0.6021141564522736,0.6654059605894485
TXN,163.57000732421875,-0.09124453450473125,-0.11852370627894526,0.003518584013799453,-0.21439908703788146,0.39835754369135234
TPL,919.030029296875,-0.035564322525573955,0.0678668375928233,-0.28393069072823285,-0.3051473241685472,0.5144068615568668
TXT,80.2750015258789,-0.06895151485333906,0.042515340280261604,0.11209036488274426,-0.08591387328196276,0.2813508183918194
TMO,567.6500244140625,0.0586732722158394,0.2331993200707032,0.3845572905404415,0.01781831959115565,0.32557004973198284
TJX,143.69000244140625,0.02117827862519306,0.09725852807993496,0.12901182026124447,0.2583481653776223,0.17977024999187702
TKO,187.1999969482422,-0.03579704953247509,0.15074675472681398,0.11471365925358956,0.5708826482700409,0.33149237308449125
TSCO,53.91999816894531,0.0,-0.08670191113586523,0.05737579402467796,-0.05166119594729324,0.27793210277318814
TT,436.0799865722656,0.022773627521348816,0.016239455679361026,0.07982288432997109,0.12317956991706791,0.2832518683864389
TDG,1266.1949462890625,-0.015285631815576739,-0.026270598770224862,-0.022910019980446283,-0.021220924554418596,0.28949546988695635
TRV,276.78900146484375,-0.028708284102940906,0.047281229973384464,0.03791140205242716,0.10796310666980613,0.22954318326618586
TRMB,80.56999969482422,0.0012426801616025607,-0.03819979797632056,0.19575546125058896,0.10916850732113081,0.29281820825484606
TFC,44.064998626708984,-0.001699156410886582,0.023101902459598422,0.14257963573951415,-0.01633088086834611,0.29029587220046343
TYL,460.6400146484375,-0.10999476760661453,-0.22496839644972233,-0.18153547974157902,-0.23633951371616368,0.2754913116515438
TSN,52.43000030517578,0.0001908076417369564,-0.07255750102871394,-0.05259349258030188,-0.08318336232694967,0.22356126235348514
USB,46.7400016784668,-0.005320280720793491,0.0530860578169734,0.13344397706139244,-0.04718411922077981,0.27375273425435165
UBER,92.75,-0.051636021412854616,0.0008632980752718566,0.10878659065302965,0.24731037168776449,0.3925345682004772
UDR,34.38999938964844,-0.03673321106132499,-0.10278856992264884,-0.17663229914140854,-0.16993857082916808,0.2280839230271695
ULTA,521.8200073242188,-0.07774692993087229,0.047389687629878496,0.3440655791517082,0.3465280338759056,0.38315059026408127
UNP,217.33999633789062,-0.0658069974650668,-0.015940776793337386,0.01467610827709076,-0.10455735085761952,0.2281452627424733
UAL,96.6500015258789,-0.014680343213097524,0.08242804944435478,0.21710108385243188,0.1035624515322644,0.565915205539452
UPS,92.91999816894531,0.07733331210371386,0.09235981078526834,-0.007400965931595893,-0.26216249241441125,0.3253620279377681
URI,843.9000244140625,-0.15132191381679005,-0.015622576025970836,0.2651527123066111,-0.03299925844284468,0.36579906745962476
UNH,327.7900085449219,-0.11388949868494425,0.31475144659376864,-0.13837474609945144,-0.43873885030803716,0.4840419963793423
UHS,228.0,0.11111112763568265,0.32473241522433427,0.24335564552325795,0.1250998435032149,0.32610533812227666
VLO,170.1699981689453,0.047586774263484344,0.2766899747953504,0.4213130410130086,0.2670593413445239,0.36836048151993117
VTR,74.98999786376953,0.10279408623190478,0.10126578874688885,0.16033339007649472,0.22150459942835,0.2271160213126286
VLTO,99.91000366210938,-0.039326887864332916,-0.0713583264854476,0.029231877176931098,-0.025665681574005506,0.20916354884964902
VRSN,244.02999877929688,-0.08903242372997977,-0.09987841724262103,-0.1395763203914292,0.3152612910651382,0.25813854944840803
VRSK,214.0500030517578,-0.12087232295138628,-0.1909976509603427,-0.3024985878908658,-0.22847953834546586,0.24937978988396942
VZ,39.720001220703125,-0.022197931398456494,-0.06366675098650165,-0.058563260969139996,0.03145481711478215,0.2129834428704095
VRTX,417.0,-0.009853956919454232,0.13766571255179616,-0.029329622729287297,-0.15525486665220867,0.3545165885187361
VTRS,10.75,0.07823467523372907,0.12082924041745602,0.21317155548610134,-0.029401854971582986,0.3640827201908001
VICI,30.174999237060547,-0.039930036777904965,-0.06998928221402467,-0.017959415907585208,0.024733954661757318,0.18821486428945286
V,340.0299987792969,-0.032246092453951825,0.011426783934929352,-0.028684405202409557,0.11391644884079577,0.21799177124639826
VST,189.39999389648438,-0.051197282189609505,-0.07775723068859874,0.3608902473346598,0.5106707971054312,0.6772057694031901
VMC,285.05999755859375,-0.06362709188715387,-0.0034438884103339396,0.06567755495015448,-0.012962412701579384,0.23500556201921977
WRB,74.72000122070312,-0.04008215909523061,0.05920641227773982,0.03706086634614292,0.2566109138089141,0.2213818812807554
GWW,962.6199951171875,-0.004725035735153371,0.015561205730725058,-0.07540694176744234,-0.1877436977590029,0.22911335090087628
WAB,205.97999572753906,0.03263645895120315,0.07744871642606843,0.07694526162529791,0.03283959052463703,0.28296298226768896
WMT,101.46499633789062,-0.013945628442263769,-0.019551004694783103,0.04637046299022374,0.22788012712720773,0.24455915589035776
DIS,111.33499908447266,-0.0049602315506592776,-0.00973940423135189,0.06363942225904173,0.13565791600494737,0.29510913461325733
WBD,22.760000228881836,0.2722191730230741,1.0861595368656753,1.526082092198394,1.715990443682744,0.648215549089385
WM,200.50999450683594,-0.08850805345417911,-0.14388946195482466,-0.13369704026528972,-0.0690620486776703,0.1851799594090027
WAT,372.0299987792969,0.13544942990853115,0.32300847307713765,0.06027699955016841,-0.03791151457123787,0.3697951034504639
WEC,111.86000061035156,-0.023824031894452147,0.021984954877947382,0.053695462272805417,0.20543844053903926,0.17161203368779193
WFC,86.94999694824219,0.09055554104251429,0.11689144062277812,0.19957198704467172,0.2264938891672017,0.29671798422609513
WELL,186.47999572753906,0.10251860234399324,0.11471089845430993,0.2692930175217574,0.42103257694711926,0.21697289859000873
WST,283.510009765625,0.058149582039129566,0.17648773670895057,0.3213447738249009,-0.13659656969747325,0.5643250302611541
WDC,160.10000610351562,0.3211751584446687,1.1380069489259443,2.6249445171547903,2.0389643848348573,0.521571574227762
WY,22.485000610351562,-0.08967611676803411,-0.11034362427128663,-0.11901541141766014,-0.2630230642097301,0.2756419299678196
WSM,199.02000427246094,0.04506847403044323,0.0015195975485260416,0.2461963374006375,0.5605551724851687,0.5020888275647805
WMB,57.55500030517578,-0.10028139429597516,0.002663078060491264,-0.006934615392716226,0.0766233965479286,0.27426107947555345
WTW,323.05999755859375,-0.060216463867174275,-0.01195405272693284,0.05091878692190566,0.029653769445164402,0.20946074816340648
WDAY,232.10000610351562,-0.004588892541202538,0.05032134397218102,-0.07374888495690324,-0.07823668272233031,0.3559031821759725
WYNN,125.19000244140625,0.02977710582931059,0.1791805893767202,0.4528045161244625,0.48247812453358896,0.41624731749452415
XEL,81.19000244140625,-0.008063482529245491,0.11738175483057534,0.1562044696527367,0.2616429222471033,0.2013896568804971
XYL,150.61500549316406,0.016364147458035605,0.058764528279543704,0.22873319933172653,0.23179911253153773,0.24675639355548315
YUM,149.35499572753906,0.017959340818654024,0.05274983710986758,0.008939115738572756,0.1331630832650874,0.24455736155569358
ZBRA,266.2699890136719,-0.13346137050423623,-0.16177678667755846,0.0033914681879800845,-0.3242221297447102,0.44819131858450445
ZBH,87.58000183105469,-0.10959738422533494,-0.11551083659078798,-0.07452354750416212,-0.19752023923213846,0.30688577140946915
ZTS,120.55000305175781,-0.15694656739441937,-0.17903128712698435,-0.24933975830807098,-0.2830193148395349,0.2845348580621191
